Split,Total Tokens,Unique Tokens,Vocab Coverage (%),Top 10% Coverage (%),Top 20% Coverage (%),Top 50% Coverage (%),TF-IDF/Freq Overlap (%),Task,Test Unique Tokens Not In Train,Test Unique Not In Train (%),Test OOV Occurrences,Test OOV Occurrences (%)
Train,71818,5416,17.744577681672236,76.87905539001365,85.12350664178896,95.01656966220168,58.35641735918744,COLA,,,,
Test,7939,1934,6.336413079090492,65.4868371331402,74.68194986774152,87.83222068270562,51.03626943005182,COLA,,,,
Overlap,7939,1934,,,,,,COLA,169.0,8.73836608066184,178.0,2.2420959818616955
