Split,Total Tokens,Unique Tokens,Vocab Coverage (%),Top 10% Coverage (%),Top 20% Coverage (%),Top 50% Coverage (%),TF-IDF/Freq Overlap (%),Task,Test Unique Tokens Not In Train,Test Unique Not In Train (%),Test OOV Occurrences,Test OOV Occurrences (%)
Train,13044457,25793,84.50625778127252,83.82867144259052,90.68731645939727,97.6678599960121,38.40635905389686,MNLI,,,,
Test,1452279,22664,74.25463600026211,82.5459157641197,89.64393205437798,97.15564295841226,61.07678729037952,MNLI,,,,
Overlap,1452279,22664,,,,,,MNLI,31.0,0.1367807977409107,36.0,0.002478862532612535
