Split,Total Tokens,Unique Tokens,Vocab Coverage (%),Top 10% Coverage (%),Top 20% Coverage (%),Top 50% Coverage (%),TF-IDF/Freq Overlap (%),Task,Test Unique Tokens Not In Train,Test Unique Not In Train (%),Test OOV Occurrences,Test OOV Occurrences (%)
Train,165585,11096,36.354105235567786,74.27725941359422,83.17359664220793,94.10816197119304,57.90896800360523,MRPC,,,,
Test,18701,3567,11.686652250835463,62.253355435538204,71.80364686380408,86.65846746163307,54.55820476858345,MRPC,,,,
Overlap,18701,3567,,,,,,MRPC,465.0,13.036164844407065,762.0,4.0746484145232875
