Split,Total Tokens,Unique Tokens,Vocab Coverage (%),Top 10% Coverage (%),Top 20% Coverage (%),Top 50% Coverage (%),TF-IDF/Freq Overlap (%),Task,Test Unique Tokens Not In Train,Test Unique Not In Train (%),Test OOV Occurrences,Test OOV Occurrences (%)
Train,4388343,26176,85.76109036105105,80.00650815125435,88.31499725522822,97.02703275473226,33.409742120343836,QNLI,,,,
Test,485747,20360,66.70598256994954,77.14015732469784,85.78828073050374,95.71484744115763,55.32907662082515,QNLI,,,,
Overlap,485747,20360,,,,,,QNLI,83.0,0.40766208251473474,106.0,0.02182205963186597
