Split,Total Tokens,Unique Tokens,Vocab Coverage (%),Top 10% Coverage (%),Top 20% Coverage (%),Top 50% Coverage (%),TF-IDF/Freq Overlap (%),Task,Test Unique Tokens Not In Train,Test Unique Not In Train (%),Test OOV Occurrences,Test OOV Occurrences (%)
Train,9036384,25486,83.50042592228556,88.30665009366578,94.0204289680474,98.86013033531998,32.391602903668826,QQP,,,,
Test,1000855,18534,60.72341262040495,85.49640057750624,91.79211773933287,97.90948738828303,61.198057204533185,QQP,,,,
Overlap,1000855,18534,,,,,,QQP,191.0,1.0305384698392144,238.0,0.02377966838353208
