Split,Total Tokens,Unique Tokens,Vocab Coverage (%),Top 10% Coverage (%),Top 20% Coverage (%),Top 50% Coverage (%),TF-IDF/Freq Overlap (%),Task,Test Unique Tokens Not In Train,Test Unique Not In Train (%),Test OOV Occurrences,Test OOV Occurrences (%)
Train,151109,13354,43.75204770329598,72.32064271486146,81.76746586900846,93.83491387012025,57.490636704119844,RTE,,,,
Test,16215,4198,13.754013498460127,60.79555966697502,70.74930619796484,87.0613629355535,54.70798569725864,RTE,,,,
Overlap,16215,4198,,,,,,RTE,509.0,12.124821343496903,640.0,3.9469626888683313
