Split,Total Tokens,Unique Tokens,Vocab Coverage (%),Top 10% Coverage (%),Top 20% Coverage (%),Top 50% Coverage (%),TF-IDF/Freq Overlap (%),Task,Test Unique Tokens Not In Train,Test Unique Not In Train (%),Test OOV Occurrences,Test OOV Occurrences (%)
Train,686566,11536,37.79568835593998,75.20427752029667,84.22962978067659,95.13943306251693,59.08105765062852,SST2,,,,
Test,75775,8084,26.485813511565425,71.09732761464863,80.52523919498515,92.96733751237215,57.73514851485149,SST2,,,,
Overlap,75775,8084,,,,,,SST2,34.0,0.4205838693715982,38.0,0.05014846585285384
