Split,Total Tokens,Unique Tokens,Vocab Coverage (%),Top 10% Coverage (%),Top 20% Coverage (%),Top 50% Coverage (%),TF-IDF/Freq Overlap (%),Task,Test Unique Tokens Not In Train,Test Unique Not In Train (%),Test OOV Occurrences,Test OOV Occurrences (%)
Train,128151,10346,33.89686128038792,73.26123089168247,82.65561720158252,93.99536484303674,60.222329627839535,STSB,,,,
Test,14481,3271,10.716859969857808,60.96954630205096,71.30032456322077,86.92079276293073,49.54128440366973,STSB,,,,
Overlap,14481,3271,,,,,,STSB,448.0,13.69611739529196,633.0,4.371245079759685
